ts,PremiseType,sku,BrandSlug,ChannelSlug,ProductName,TermsOfServiceTyp,city_check,account_no,first_name,last_name,UtilitySlug,Commodity,ServiceAddress1,ServiceAddress2,city,StateSlug,zip_code,email,emailmarketing
ts_1,residential,012910DA-D975,nrg_residential,inbound_telemarketing,Natural Gas Choice Ohio Plan 3M (Gas),Variable,original,'23999153654,Cindy,Erickson,COLOHG,Gas,272059 Garrett Williams St.,,Brinkhaven,Ohio,43006,CindyErickson@testnrg.com,no_email_mark
ts_2,residential,012910DA-D975,nrg_residential,inbound_telemarketing,Natural Gas Choice Ohio Plan 3M (Gas),Variable,original,'53859008994,Tara,Robbins,COLOHG,Gas,374113 Leah Gonzales St.,,Martins Ferry,Ohio,43935,TaraRobbins@testnrg.com,emailmarketing
ts_3,residential,022F3193-54D3,nrg_residential,inbound_telemarketing,Natural Gas Choice Ohio Plan 3M (Gas),Variable,original,'48062133812,Kellie,Miller,DUKEOHG,Gas,277544 Casey Cochran St.,,Cincinnati,Ohio,45248,KellieMiller@testnrg.com,no_email_mark
ts_4,residential,022F3193-54D3,nrg_residential,inbound_telemarketing,Natural Gas Choice Ohio Plan 3M (Gas),Variable,original,'73494525392,Stephen,Spencer,DUKEOHG,Gas,197598 David Butler St.,,Miamisburg,Ohio,45342,StephenSpencer@testnrg.com,emailmarketing
ts_5,residential,0524F08B-C628,nrg_residential,inbound_telemarketing,Natural Gas Choice Ohio Plan 3M (Gas),Variable,original,'3915714283287,Melissa,Hess,DEOHG,Gas,59961 Jordan Murphy St.,,New Springfield,Ohio,44443,MelissaHess@testnrg.com,no_email_mark
ts_6,residential,0524F08B-C628,nrg_residential,inbound_telemarketing,Natural Gas Choice Ohio Plan 3M (Gas),Variable,original,'9811631441583,Tyler,Huffman,DEOHG,Gas,224139 John Alvarado St.,,New Philadelphia,Ohio,44663,TylerHuffman@testnrg.com,emailmarketing
